{
  "entrypoints": {
    "app": {
      "css": [
        "/app.2167d418.css",
        "/app.2167d418.rtl.css"
      ],
      "js": [
        "/app.1bae3230.js"
      ]
    },
    "form": {
      "js": [
        "/form.5aa1447f.js"
      ]
    },
    "page-layout": {
      "js": [
        "/page-layout.3347892e.js"
      ]
    },
    "page-color-scheme": {
      "js": [
        "/page-color-scheme.a1568167.js"
      ]
    },
    "field-boolean": {
      "js": [
        "/field-boolean.33d03224.js"
      ]
    },
    "field-code-editor": {
      "css": [
        "/field-code-editor.09574d54.css",
        "/field-code-editor.09574d54.rtl.css"
      ],
      "js": [
        "/field-code-editor.f8cb5568.js"
      ]
    },
    "field-collection": {
      "js": [
        "/field-collection.c6a8940b.js"
      ]
    },
    "field-file-upload": {
      "js": [
        "/field-file-upload.71a03f67.js"
      ]
    },
    "field-image": {
      "js": [
        "/field-image.c14f1295.js"
      ]
    },
    "field-slug": {
      "js": [
        "/field-slug.1c789293.js"
      ]
    },
    "field-textarea": {
      "js": [
        "/field-textarea.f496dd73.js"
      ]
    },
    "field-text-editor": {
      "css": [
        "/field-text-editor.7348fb97.css",
        "/field-text-editor.7348fb97.rtl.css"
      ],
      "js": [
        "/field-text-editor.5848d9aa.js"
      ]
    },
    "login": {
      "js": [
        "/login.7259f5de.js"
      ]
    }
  }
}